Country,Year,EF,RE %,Elec Access,RISE,ND Vuln,EDB,LogCap Pub,LogCap Pri,LogCap Tot
Egypt,2010,0.275203812,0.100479577,0.990851977,0.155844156,0.319334176,0.461776234,6.339653587,0,6.339653587
Egypt,2011,0.279938949,0.093268363,0.994084748,0.155844156,0.317404425,0.484486097,6.894264689,0,6.894264689
Egypt,2012,0.321349067,0.08879413,0.996760259,0.25974026,0.305699644,0.502653988,6.894264689,0,6.894264689
Egypt,2013,0.371537058,0.088818804,0.997097205,0.25974026,0.30468405,0.511737934,6.894264689,0,6.894264689
Egypt,2014,0.377359193,0.088709078,0.997840173,0.272727273,0.325958596,0.523092865,6.894264689,0,6.894264689
Egypt,2015,0.369720433,0.082592855,0.992440605,0.623376623,0.315335342,0.527634838,6.904349486,4.787491743,7.018043633
South Africa,2010,0.707218107,0.009483807,0.815334773,0.233766234,0.200812702,0.70704276,1.648658626,0,1.648658626
South Africa,2011,0.660797379,0.009184208,0.834773218,0.506493506,0.193067087,0.713855719,1.648658626,0.587786665,1.945910149
South Africa,2012,0.667349142,0.006029508,0.8412527,0.571428571,0.186084967,0.752462487,1.648658626,0.587786665,1.945910149
South Africa,2013,0.691694896,0.00609024,0.842332613,0.623376623,0.190838949,0.775172351,5.08264583,7.021405341,7.155833365
South Africa,2014,0.728585787,0.012931363,0.848812095,0.623376623,0.193721276,0.78198531,5.976858395,7.325386084,7.556197938
South Africa,2015,0.686967204,0.022550418,0.843412527,0.623376623,0.183662154,0.722939665,5.976858395,7.645808901,7.818454407
Peru,2010,0.122618472,0.577208136,0.87173932,0.168831169,0.35507462,0.679790924,0,0,0
Peru,2011,0.128667684,0.567600643,0.888849795,0.168831169,0.322016821,0.702500787,0,0,0
Peru,2012,0.134594051,0.55250319,0.903882376,0.25974026,0.317006711,0.727481637,3.091042453,3.091042453,3.784189634
Peru,2013,0.136782936,0.539396865,0.915068737,0.25974026,0.310865943,0.752462487,3.737669618,5.048252158,5.287003607
Peru,2014,0.147295537,0.523684556,0.923541998,0.337662338,0.309308372,0.752462487,3.737669618,5.048252158,5.287003607
Peru,2015,0.133920262,0.527305134,0.933608844,0.454545455,0.308514107,0.73202361,4.965637928,5.098340875,5.727336228
Fiji,2010,0.064884786,0.502938926,0.881284314,0.12987013,0.303980412,0.688874869,0,0,0
Fiji,2011,0.070226706,0.575939272,0.893651431,0.12987013,0.307300782,0.693416842,0,0,0
Fiji,2012,0.070159699,0.662311587,0.90423116,0.12987013,0.303938524,0.691145856,0,0,0
Fiji,2013,0.071347206,0.621276968,0.910907127,0.168831169,0.31345745,0.672977965,0,0,0
Fiji,2014,0.064233332,0.471662982,0.931871072,0.337662338,0.31239491,0.663894019,0,0,0
Fiji,2015,0.066660462,0.450158848,0.947609211,0.376623377,0.312836062,0.607119361,0,0,0.587786665
Philippines,2010,0.356687637,0.262983083,0.840409297,0.337662338,0.472614527,0.416356507,3.511545439,0,3.526360525
Philippines,2011,0.365863828,0.286558922,0.861771058,0.558441558,0.459633395,0.427711438,3.511545439,0,3.526360525
Philippines,2012,0.358928638,0.28444481,0.864007196,0.571428571,0.455041386,0.468589193,3.511545439,0,3.526360525
Philippines,2013,0.346175036,0.264036883,0.865010799,0.584415584,0.464528078,0.532176811,3.511545439,3.430108725,4.164803026
Philippines,2014,0.315701895,0.255973182,0.889697905,0.61038961,0.454592792,0.575325552,4.471638793,4.896943876,5.399880682
Philippines,2015,0.302140491,0.254134663,0.882073434,0.714285714,0.454010564,0.536718784,5.090678002,5.677130444,6.119439909
Brazil,2010,0.609388378,0.847242339,0.988949654,0.649350649,0.143386273,0.423169466,3.897924081,5.857361563,5.989212012
Brazil,2011,0.563563265,0.87120997,0.992750443,0.688311688,0.179899336,0.423169466,3.897924081,5.970751506,6.089271607
Brazil,2012,0.550013029,0.824482831,0.99481095,0.701298701,0.176264949,0.423169466,3.918005077,6.836259277,6.888878223
Brazil,2013,0.533633622,0.766892081,0.995411998,0.701298701,0.175650315,0.423169466,4.582413199,6.978539878,7.065698757
Brazil,2014,0.533484719,0.730820739,0.99622297,0.701298701,0.173635005,0.423169466,4.586395031,7.036456274,7.119222932
Brazil,2015,0.547109407,0.739669081,0.996877991,0.818181818,0.166044384,0.445879329,4.984565066,7.266792431,7.363970534
Cuba,2010,0.001230689,0.032419383,0.976384387,0.12987013,0.305681285,0.511737934,1.335001067,0,1.335001067
Cuba,2011,0.001790679,0.032263514,0.978966023,0.12987013,0.30723314,0.509466947,1.335001067,0,1.335001067
Cuba,2012,0.00157663,0.03711743,0.982087483,0.12987013,0.304976317,0.523092865,1.335001067,0,1.335001067
Cuba,2013,0.002343521,0.043521421,0.98568953,0.168831169,0.310895536,0.527634838,1.335001067,0,1.335001067
Cuba,2014,0.001746008,0.0401735,0.98967593,0.337662338,0.30575829,0.527634838,1.335001067,0,1.568615918
Cuba,2015,0.001354167,0.039481467,0.993950615,0.376623377,0.296395754,0.441337357,1.335001067,0,1.568615918
Morocco,2010,0.133272531,0.174340994,0.90835367,0.532467532,0.108940451,0.423169466,5.012633297,2.302585093,5.07704706
Morocco,2011,0.137460447,0.107894105,0.921342508,0.558441558,0.101404515,0.529905824,5.019264621,2.302585093,5.083265985
Morocco,2012,0.139463202,0.086299616,0.932543876,0.597402597,0.094888059,0.611661333,5.019264621,2.302585093,5.083265985
Morocco,2013,0.141253769,0.146479585,0.969762419,0.662337662,0.089163834,0.604848374,5.443715569,5.969474529,6.433904258
Morocco,2014,0.141205375,0.123878105,0.909287257,0.818181818,0.100720114,0.634371197,5.443715569,5.969474529,6.433904258
Morocco,2015,0.152000893,0.143088903,0.995807293,0.896103896,0.08973623,0.645726129,5.443715569,5.969474529,6.433904258
Bangladesh,2010,0.088850836,0.017872027,0.516846652,0.285714286,0.818089478,0.211967735,0,0,0
Bangladesh,2011,0.081543387,0.019749507,0.563714903,0.298701299,0.805407383,0.211967735,0,0,0
Bangladesh,2012,0.057324201,0.016000165,0.59877974,0.311688312,0.76945542,0.211967735,1.791759469,0,1.791759469
Bangladesh,2013,0.058913748,0.019465361,0.584233261,0.493506494,0.813896862,0.211967735,1.791759469,0,1.791759469
Bangladesh,2014,0.062331087,0.013197242,0.593952484,0.506493506,0.802414021,0.211967735,1.791759469,0,1.791759469
Bangladesh,2015,0.064218442,0.012268899,0.709805268,0.519480519,0.778894062,0.173360967,1.791759469,0,1.791759469
Dominican Republic,2010,0.131816997,0.118888078,0.979972073,0.480519481,0.305501407,0.625287251,2.1102132,0,2.1102132
Dominican Republic,2011,0.111435804,0.120896171,0.977309633,0.532467532,0.295194162,0.618474292,2.1102132,0,2.1102132
Dominican Republic,2012,0.102594647,0.144765888,0.976965983,0.545454545,0.263524499,0.618474292,3.743604354,0,3.743604354
Dominican Republic,2013,0.113643301,0.165696884,0.982568607,0.584415584,0.265877623,0.609390347,3.743604354,0,3.743604354
Dominican Republic,2014,0.110977925,0.133393727,0.983487894,0.584415584,0.263401097,0.611661333,3.743604354,0,3.743604354
Dominican Republic,2015,0.114291032,0.11632443,0.984453175,0.597402597,0.271785175,0.557157661,3.743604354,0.405465108,3.778491613
Mexico,2010,0.801399695,0.166028519,0.991756976,0.168831169,0.192058715,0.725210651,3.518980417,5.967556002,6.050440752
Mexico,2011,0.761307374,0.14888803,0.990762089,0.181818182,0.196693762,0.725210651,4.913940823,6.368144304,6.578069959
Mexico,2012,0.749432305,0.137881313,0.990406447,0.207792208,0.190769027,0.725210651,5.011801281,6.48956201,6.695069356
Mexico,2013,0.708074303,0.132995433,0.992658479,0.207792208,0.18557206,0.725210651,5.011801281,7.044237937,7.167354185
Mexico,2014,0.663291516,0.175435163,0.991068337,0.402597403,0.179970604,0.725210651,5.492135088,7.386616439,7.526722946
Mexico,2015,0.654990135,0.153941338,0.989200864,0.896103896,0.179496477,0.763817419,5.769336105,7.602493693,7.750834252
Cape Verde,2010,0.017616796,0.011825786,0.795896328,0.12987013,0.268032802,0.364123821,0,0,0
Cape Verde,2011,0.020064401,0.067226661,0.777198528,0.12987013,0.256146969,0.411814534,0,0,0
Cape Verde,2012,0.016640733,0.183667484,0.792082026,0.12987013,0.380171264,0.475402152,3.417726684,1.609437912,3.569532696
Cape Verde,2013,0.015809478,0.205576033,0.81454738,0.168831169,0.360736414,0.482215111,3.417726684,1.609437912,3.569532696
Cape Verde,2014,0.013352194,0.172916514,0.837397087,0.337662338,0.349344021,0.502653988,3.417726684,1.609437912,3.569532696
Cape Verde,2015,0.011591036,0.202084966,0.860535245,0.376623377,0.350729602,0.443608343,3.417726684,1.609437912,3.569532696
Costa Rica,2010,0.126043257,0.933110717,0.989154795,0.272727273,0.093150543,0.448150316,3.911022505,3.545297726,4.437934267
Costa Rica,2011,0.127104195,0.912225387,0.991710022,0.324675325,0.08077569,0.448150316,3.911022505,3.545297726,4.437934267
Costa Rica,2012,0.127055802,0.918419501,0.994636048,0.324675325,0.077769345,0.475402152,3.911022505,3.545297726,4.437934267
Costa Rica,2013,0.129747236,0.883146067,0.995286361,0.324675325,0.077692186,0.529905824,3.911022505,3.545297726,4.437934267
Costa Rica,2014,0.115258906,0.897915239,0.993080896,0.337662338,0.079235078,0.579867524,4.316821225,4.088494149,4.902307417
Costa Rica,2015,0.113591185,0.990011099,0.993626393,0.480519481,0.081210963,0.577596538,4.316821225,4.692723083,5.215479088
Vietnam,2010,0.546886051,0.291402801,0.983293439,0.194805195,0.529993096,0.51400892,0,0,0
Vietnam,2011,0.57402375,0.394601814,0.989200864,0.25974026,0.507553431,0.532176811,0,0,0
Vietnam,2012,0.593492908,0.45019219,0.989565938,0.454545455,0.502567446,0.536718784,0,0,0
Vietnam,2013,0.578639765,0.41662002,0.989211575,0.454545455,0.496719403,0.550344702,0,3.62700405,3.62700405
Vietnam,2014,0.576666791,0.429814065,0.991360691,0.454545455,0.492244096,0.554886674,0,3.62700405,3.62700405
Vietnam,2015,0.535271563,0.367320577,0.997833614,0.649350649,0.485944759,0.575325552,0,3.62700405,3.62700405
Argentina,2010,0.340196553,0.285854562,0.987257019,0.324675325,0.158033057,0.475402152,0,2.705379973,2.705379973
Argentina,2011,0.311912296,0.323059704,0.99221052,0.337662338,0.147394837,0.468589193,0,2.705379973,2.705379973
Argentina,2012,0.284394893,0.292611353,0.99457728,0.337662338,0.142813036,0.477673138,1.840549633,2.705379973,3.056827373
Argentina,2013,0.269076425,0.314844907,0.994347245,0.337662338,0.142996051,0.445879329,3.443618098,2.705379973,3.834277657
Argentina,2014,0.259472136,0.315762042,1,0.337662338,0.146699144,0.43906637,3.591817741,2.705379973,3.936910721
Argentina,2015,0.23734877,0.281400691,0.998133023,0.402597403,0.147126025,0.441337357,3.591817741,2.705379973,3.936910721
Ecuador,2010,0.037179392,0.454918243,0.972593326,0.038961039,0.36375136,0.46404722,0.182321557,0.182321557,0.875468737
Ecuador,2011,0.041231434,0.555588006,0.966227851,0.051948052,0.357471974,0.46404722,0.182321557,0.182321557,0.875468737
Ecuador,2012,0.037012247,0.548693483,0.969707657,0.051948052,0.357845096,0.473131166,0.182321557,0.182321557,0.875468737
Ecuador,2013,0.03292298,0.489918748,0.978776177,0.051948052,0.365727537,0.46404722,0.182321557,0.182321557,0.875468737
Ecuador,2014,0.026927744,0.491751347,0.988942408,0.090909091,0.360438365,0.473131166,0.182321557,0.182321557,0.875468737
Ecuador,2015,0.029007929,0.528029423,0.987320551,0.25974026,0.351756341,0.475402152,0.182321557,0.993251773,1.360976553
Mongolia,2010,0.003348435,0,0.767841041,0.12987013,0.131010708,0.523092865,0,0,0
Mongolia,2011,0.003188884,0,0.69824055,0.12987013,0.140136883,0.525363852,0,0,0
Mongolia,2012,0.002633436,0,0.820945443,0.12987013,0.115270021,0.552615688,0,0,0
Mongolia,2013,0.005547407,0.016932271,0.796976242,0.155844156,0.104279996,0.591222456,3.218875825,3.218875825,3.912023005
Mongolia,2014,0.00513271,0.031622024,0.847207203,0.246753247,0.121314496,0.620745279,3.218875825,3.218875825,3.912023005
Mongolia,2015,0.005527677,0.030836205,0.870937916,0.285714286,0.128632854,0.609390347,3.218875825,3.218875825,3.912023005
Nicaragua,2010,0.019871198,0.370046461,0.773948702,0.155844156,0.411784368,0.368665793,2.993229143,2.993229143,3.686376324
Nicaragua,2011,0.0188795,0.339958159,0.781286516,0.181818182,0.419901271,0.37093678,3.449987546,3.449987546,4.143134726
Nicaragua,2012,0.027480177,0.428181593,0.789164154,0.194805195,0.408086251,0.441337357,4.264087337,3.449987546,4.630837933
Nicaragua,2013,0.033240517,0.523043687,0.797522296,0.480519481,0.385464432,0.459505247,4.548388172,3.979681654,4.997077129
Nicaragua,2014,0.017980494,0.53868646,0.804028866,0.480519481,0.375295347,0.479944125,4.548388172,3.979681654,4.997077129
Nicaragua,2015,0.015897703,0.500545971,0.823778783,0.480519481,0.367299934,0.441337357,4.548388172,3.979681654,4.997077129
Pakistan,2010,0.343059226,0.337038057,0.680581474,0.142857143,0.733303628,0.39591763,0,4.663439094,4.663439094
Pakistan,2011,0.344927968,0.299894837,0.681502769,0.194805195,0.722032616,0.39591763,4.632785353,5.327876169,5.732693818
Pakistan,2012,0.344216953,0.310605982,0.682895174,0.194805195,0.682052355,0.39591763,5.178970609,5.640487624,6.129268051
Pakistan,2013,0.346472844,0.310061878,0.684664518,0.194805195,0.690977057,0.39591763,5.625820933,5.640487624,6.326328348
Pakistan,2014,0.349860403,0.311025536,0.686716463,0.207792208,0.694951278,0.39591763,5.940960415,5.640487624,6.495114487
Pakistan,2015,0.33444887,0.314303497,0.688956918,0.402597403,0.69102342,0.364123821,6.120077615,6.007829901,6.758675056
Jordan,2010,0.198674757,0.00494011,0.988849796,0.064935065,0.068556906,0.441337357,0,0,0
Jordan,2011,0.200647731,0.004506042,0.990800483,0.064935065,0.069211582,0.450421302,0,0,0
Jordan,2012,0.17933589,0.004217884,0.994600432,0.311688312,0.080375401,0.470860179,0,0,0
Jordan,2013,0.174131705,0.003707351,0.993150765,0.311688312,0.078005465,0.470860179,0,0,0
Jordan,2014,0.162610282,0.003622393,0.995469161,0.480519481,0.069796261,0.470860179,4.761318868,0,4.761318868
Jordan,2015,0.143312363,0.00967708,0.998075844,0.649350649,0.073644988,0.477673138,5.273332836,4.946381177,5.816307265
Honduras,2010,0.083937014,0.478087649,0.794650842,0.350649351,0.416669618,0.507195961,0,0,0
Honduras,2011,0.071376987,0.467790409,0.8077246,0.363636364,0.417003156,0.470860179,3.931825633,3.931825633,4.624972813
Honduras,2012,0.077076276,0.493023256,0.822977613,0.376623377,0.416092019,0.48902807,3.931825633,3.931825633,4.624972813
Honduras,2013,0.075862711,0.467550161,0.861607786,0.376623377,0.411948083,0.504924975,3.931825633,3.931825633,4.624972813
Honduras,2014,0.083836504,0.438293108,0.877470551,0.415584416,0.420803658,0.500383002,4.317488114,3.931825633,4.836281907
Honduras,2015,0.076964598,0.422755159,0.891811123,0.415584416,0.428352058,0.468589193,5.330300412,3.931825633,5.55101972
Ethiopia,2010,0.027063247,0.9937751,0.278364285,0.051948052,0.886787778,0.200612803,4.096009842,4.096009842,4.789157022
Ethiopia,2011,0.024949931,0.994160354,0.168466523,0.051948052,0.896310954,0.248303516,4.096009842,4.096009842,4.789157022
Ethiopia,2012,0.023539441,0.998419389,0.298511118,0.064935065,0.856834788,0.248303516,4.710430697,4.096009842,5.142832464
Ethiopia,2013,0.029463947,0.999080671,0.30933493,0.12987013,0.853475584,0.27101338,5.576327819,4.096009842,5.781360609
Ethiopia,2014,0.025443547,0.999684708,0.213822894,0.155844156,0.845887246,0.239219571,5.576327819,4.096009842,5.781360609
Ethiopia,2015,0.02675725,0.999616748,0.233261339,0.155844156,0.841833566,0.209696748,5.576327819,4.096009842,5.781360609
Kenya,2010,0.133778804,0.690695158,0.127429806,0.142857143,0.757788952,0.441337357,1.62924054,0,1.62924054
Kenya,2011,0.100915758,0.668729852,0.336730265,0.155844156,0.767385471,0.432253411,1.62924054,0,1.62924054
Kenya,2012,0.082228344,0.747765397,0.360611918,0.337662338,0.77111868,0.434524398,1.62924054,0,1.640936579
Kenya,2013,0.099251759,0.692879676,0.384974115,0.376623377,0.753201801,0.441337357,2.034705648,0.959350221,2.32825284
Kenya,2014,0.082570822,0.814862821,0.308855292,0.402597403,0.751150344,0.450421302,4.143928062,4.060615409,4.79628629
Kenya,2015,0.075021405,0.875142472,0.369330454,0.454545455,0.728266851,0.386833684,5.385412073,5.362043057,6.066943008
Thailand,2010,0.967203961,0.056098845,0.996760259,0.207792208,0.252331241,0.838759969,1.808288771,0,1.808288771
Thailand,2011,0.977292186,0.080479002,0.994193339,0.207792208,0.256913912,0.829676023,4.71492105,3.826465117,5.059425458
Thailand,2012,0.962476268,0.083908707,0.990373904,0.233766234,0.269854898,0.85692786,4.877484781,5.273255936,5.787970425
Thailand,2013,0.987938801,0.0827793,0.994113008,0.25974026,0.272788013,0.863740819,5.320812444,5.437644432,6.074080863
Thailand,2014,0.98228046,0.085145347,0.997486914,0.25974026,0.245178502,0.872824764,6.069905973,5.441984716,6.497589138
Thailand,2015,1,0.085384788,0.995680346,0.61038961,0.250996148,0.834217996,6.069905973,5.441984716,6.497589138
Tanzania,2010,0.041566467,0.516875237,0.079913607,0.103896104,0.771165106,0.339142971,0,0,0
Tanzania,2011,0.03422477,0.397997251,0.073434125,0.103896104,0.773232476,0.41408552,0,0,0
Tanzania,2012,0.031823326,0.321882269,0.085313175,0.103896104,0.759187912,0.441337357,0,0,0
Tanzania,2013,0.034134683,0.29506817,0.097192225,0.103896104,0.752735195,0.436795384,0,0,0
Tanzania,2014,0.025079477,0.422897572,0.173866091,0.12987013,0.741828974,0.448150316,0,0,0
Tanzania,2015,0.021575773,0.341540906,0.206558046,0.168831169,0.725371766,0.400459602,0,0,0
Nigeria,2010,0.001411049,0.244018223,0.438444924,0.012987013,0.584195535,0.259658448,0,0,0
Nigeria,2011,0.000621152,0.217614855,0.523758099,0.012987013,0.597234205,0.259658448,0,0,0
Nigeria,2012,0.001543871,0.197136487,0.49545714,0.012987013,0.605956354,0.259658448,0,0,0
Nigeria,2013,0.002772847,0.184399128,0.520518359,0.012987013,0.60606426,0.259658448,0,0,0
Nigeria,2014,0.002145851,0.175913129,0.513163021,0.090909091,0.550613454,0.259658448,0,0,0
Nigeria,2015,0.000229472,0.181951251,0.487041037,0.311688312,0.550412535,0.311891134,0,0,0
Yemen,2010,0.003456129,0,0.716510484,0.298701299,0.713348334,0.457234261,0,0,0
Yemen,2011,0.003737483,0,0.713100821,0.298701299,0.716093663,0.454963275,0,0,0
Yemen,2012,0.003763169,0,0.707903687,0.298701299,0.724967948,0.484486097,0,0,0
Yemen,2013,0.005238804,0,0.73650108,0.298701299,0.743011199,0.432253411,4.094344562,0,4.094344562
Yemen,2014,0.007230019,0,0.633909287,0.311688312,0.792970054,0.443608343,4.094344562,0,4.094344562
Yemen,2015,0.004234449,0,0.688767666,0.311688312,0.787673557,0.382291711,4.094344562,0,4.094344562
Belize,2010,0.002462011,0.633809521,0.891114734,0.350649351,0.46069983,0.511737934,0,0,0
Belize,2011,0.003632431,0.629415985,0.910169935,0.363636364,0.446486844,0.509466947,0,0,0
Belize,2012,0.004119049,0.491940058,0.913523285,0.376623377,0.429476686,0.523092865,0,0,0
Belize,2013,0.009970964,0.558130132,0.926464748,0.376623377,0.43617094,0.527634838,0,0,0
Belize,2014,0.009874921,0.507054754,0.939790647,0.415584416,0.494486227,0.527634838,0,0,0
Belize,2015,0.011846778,0.452399305,0.911447084,0.415584416,0.48026099,0.441337357,0,0,0
Sri Lanka,2010,0.15791237,0.531154523,0.8412527,0.311688312,0.510907427,0.457234261,0,0,0
Sri Lanka,2011,0.147775751,0.408474867,0.867818575,0.324675325,0.508611353,0.429982425,0,0,0
Sri Lanka,2012,0.145013587,0.292412402,0.859611231,0.402597403,0.501970771,0.452692288,3.044522438,0,3.044522438
Sri Lanka,2013,0.158880244,0.598769026,0.894168467,0.402597403,0.49688993,0.541260756,3.044522438,2.48490665,3.496507561
Sri Lanka,2014,0.160056583,0.392023112,0.916401775,0.415584416,0.491339413,0.554886674,3.044522438,2.48490665,3.496507561
Sri Lanka,2015,0.165115586,0.484751935,0.936018381,0.558441558,0.479130537,0.552615688,3.044522438,3.091042453,3.761200116
Malaysia,2010,0.884115698,0.059926594,0.991697472,0.363636364,0.015819,0.85692786,0,0,0
Malaysia,2011,0.895767412,0.067143686,0.994677056,0.61038961,0.028687543,0.895534628,0,0,0
Malaysia,2012,0.998697093,0.073834843,0.997840173,0.61038961,0.007405789,0.9500383,0,0,0
Malaysia,2013,0.908387001,0.085776448,0.99921638,0.61038961,0.007211703,0.9500383,0,1.945910149,1.945910149
Malaysia,2014,0.888620035,0.09707803,0.999887289,0.636363636,0.001115907,1,0,3.956996371,3.956996371
Malaysia,2015,0.837359937,0.099571685,1,0.636363636,0,0.968206191,0,3.956996371,3.956996371
Tonga,2010,0.019871198,0,0.914994127,0.12987013,0.785333983,0.623016265,0,0,0
Tonga,2011,0.0188795,0,0.915501686,0.12987013,0.812411233,0.629829224,0,0,0
Tonga,2012,0.027480177,0,0.92224622,0.12987013,0.820848541,0.641184156,0,0.262364264,0.262364264
Tonga,2013,0.033240517,0.03845216,0.940001156,0.168831169,0.845722536,0.63210021,0,0.262364264,0.262364264
Tonga,2014,0.017980494,0.045783618,0.949221518,0.337662338,0.842913476,0.659352047,0,0.262364264,0.262364264
Tonga,2015,0.015897703,0.059074091,0.958730166,0.376623377,0.840643829,0.61393232,0,0.262364264,0.262364264
El Salvador,2010,0.135904404,0.65040107,0.909073844,0.233766234,0.354837034,0.579867524,0,0,0
El Salvador,2011,0.134381864,0.629294756,0.919813024,0.298701299,0.365877943,0.573054565,0,0,0
El Salvador,2012,0.154684883,0.602372936,0.931755626,0.467532468,0.342406455,0.575325552,0,0,0
El Salvador,2013,0.180475003,0.604432398,0.946469816,0.584415584,0.332212215,0.575325552,0,0,0
El Salvador,2014,0.181048282,0.596978949,0.947358704,0.584415584,0.330364952,0.575325552,2.653241965,0,2.653241965
El Salvador,2015,0.186297137,0.578226749,0.950323974,0.61038961,0.331073116,0.548073715,2.653241965,0,2.653241965
Afghanistan,2010,0.002886312,0.859865471,0.381209503,0.077922078,0.9218897,0.064102678,0,0,0
Afghanistan,2011,0.002064736,0.824875622,0.386846856,0.077922078,0.892166006,0,0,0,0
Afghanistan,2012,0.00309433,0.859099804,0.666306695,0.077922078,0.85837653,0.052123679,0,0,0
Afghanistan,2013,0.003838737,0.786364081,0.664506109,0.077922078,0.86175436,0.062933801,0,0,0
Afghanistan,2014,0.003359156,0.85323549,0.886609071,0.090909091,0.884717783,0.075709689,0.048790164,0,0.048790164
Afghanistan,2015,0.004470833,0.860501113,0.692224622,0.311688312,0.911371177,0.109537166,0.048790164,0,0.048790164
Mauritania,2010,4.09E-12,0,0.28366556,0.077922078,0.746500934,0.112044335,0,0,0
Mauritania,2011,0,0,0.299514556,0.077922078,0.719931833,0.137025185,0,0,0
Mauritania,2012,5.21E-18,0,0.313576082,0.12987013,0.706338967,0.198341817,0,0,0
Mauritania,2013,1.62E-09,0.048029557,0.325040731,0.12987013,0.720518999,0.207425762,2.708050201,0,2.708050201
Mauritania,2014,1.04E-06,0.050554096,0.339092873,0.155844156,0.723357792,0.22105168,3.401197382,2.708050201,3.80666249
Mauritania,2015,1.05E-09,0.133732535,0.346652268,0.220779221,0.744921338,0.152922089,3.401197382,2.708050201,3.80666249
Guatemala,2010,0.177496929,0.638479703,0.828008565,0.363636364,0.412377243,0.532176811,0,0,0
Guatemala,2011,0.184826713,0.644374251,0.827499071,0.376623377,0.394456668,0.532176811,0,0,0
Guatemala,2012,0.198421621,0.668827029,0.854594616,0.376623377,0.38174929,0.541260756,0,0,0
Guatemala,2013,0.199873432,0.671673387,0.868638057,0.454545455,0.372786396,0.554886674,0,0,0
Guatemala,2014,0.203826825,0.685740913,0.843351739,0.519480519,0.373069783,0.61393232,0,0,0
Guatemala,2015,0.197524476,0.603906674,0.897782179,0.558441558,0.365152487,0.616203306,3.966511191,1.824549292,4.077537444
Mali,2010,3.83E-05,0.537956069,0.220664908,0.142857143,0.973377543,0.17108998,0,0,0
Mali,2011,4.74E-05,0.526273499,0.241198113,0.142857143,0.992698467,0.241490557,0,0,0
Mali,2012,6.61E-05,0.57492844,0.196544276,0.142857143,1,0.273284366,0,0,0
Mali,2013,1.79E-05,0.647933031,0.283824616,0.142857143,0.990424073,0.300536203,0,0,0
Mali,2014,1.58E-06,0.428744112,0.305762586,0.194805195,0.991501654,0.318704093,0,0,0
Mali,2015,8.12E-08,0.435163551,0.326133909,0.480519481,0.988463913,0.325517052,0,0.587786665,0.587786665
Burkina Faso,2010,0.002274318,0.207854237,0.061555076,0.038961039,0.912200772,0.107502362,0,0,0
Burkina Faso,2011,0.002348025,0.154557464,0.082503762,0.038961039,0.879733352,0.123399267,0,0,0
Burkina Faso,2012,0.002586718,0.15456,0.086804678,0.038961039,0.866657631,0.200612803,0,0,0
Burkina Faso,2013,0.003947437,0.144382099,0.088508707,0.038961039,0.8400526,0.207425762,0,0,0
Burkina Faso,2014,0.005057886,0.103971279,0.127429806,0.038961039,0.827753781,0.218780694,0,0,0
Burkina Faso,2015,0.004961471,0.093540387,0.096162788,0.168831169,0.815505684,0.223322667,3.496507561,0,3.496507561
Uganda,2010,0.038227301,0.548434383,0.05075594,0.584415584,0.942740107,0.241490557,0,0,0
Uganda,2011,0.035524327,0.611123706,0.07775378,0.584415584,0.938987497,0.293723244,0,0,0
Uganda,2012,0.037307821,0.870001719,0.121025015,0.597402597,0.925235392,0.273284366,0,0,0
Uganda,2013,0.039950862,0.962676737,0.070194384,0.61038961,0.92147044,0.27101338,0,0,0
Uganda,2014,0.037843874,0.913589635,0.140388769,0.61038961,0.917427593,0.300536203,0,0,0
Uganda,2015,0.037207311,0.92950527,0.11987041,0.688311688,0.906700905,0.341413957,0,0,0
Jamaica,2010,0.017356587,0.076851852,0.915766739,0.220779221,0.282238001,0.509466947,0,0,0
Jamaica,2011,0.019156461,0.087265231,0.903887689,0.220779221,0.280173719,0.529905824,0,0,0
Jamaica,2012,0.017582548,0.109241587,0.925485961,0.246753247,0.267296701,0.534447797,0,0,0
Jamaica,2013,0.016003797,0.098422239,0.93412527,0.350649351,0.258011678,0.577596538,0,0,0
Jamaica,2014,0.015402598,0.097963143,0.927645788,0.350649351,0.254650219,0.577596538,0,0,0
Jamaica,2015,0.01638983,0.102620087,0.944924406,0.493506494,0.262915191,0.666165006,0,0,0
Sierra Leone,2010,0.067345419,0.873820547,0.04386796,0,0.827114818,0.048456717,0,0,0
Sierra Leone,2011,0.040185385,0.873775905,0.073434125,0.012987013,0.857097983,0.148380117,0,0,0
Sierra Leone,2012,0.026139672,0.660995131,0.102062942,0.012987013,0.767252598,0.234677598,0,0,0
Sierra Leone,2013,0.016595689,0.64109739,0.06587473,0.064935065,0.84648775,0.252845489,0,0,0
Sierra Leone,2014,0.013278487,0.653569452,0.121660723,0.155844156,0.782662038,0.34595593,0,0,0
Sierra Leone,2015,0.023109854,0.609756098,0.132366386,0.25974026,0.790196308,0.291452257,1.098612289,1.098612289,1.791759469
Rwanda,2010,0.008711983,0.399501957,0.024838013,0.142857143,0.803571233,0.543531743,0,0,0
Rwanda,2011,0.009249153,0.432995659,0.036717063,0.181818182,0.798276756,0.584409497,0,0,0
Rwanda,2012,0.007380784,0.462609094,0.109071274,0.428571429,0.786207949,0.58895147,0,0,0
Rwanda,2013,0.009837695,0.358812993,0.084233261,0.441558442,0.772097652,0.684332897,0,0,0
Rwanda,2014,0.015197856,0.440581476,0.133909287,0.675324675,0.757210269,0.750191501,0,0,0
Rwanda,2015,0.015240293,0.568878282,0.166306695,1,0.742435808,0.695687828,1.456286733,1.512927012,2.178155015
Malawi,2010,0.003922868,0.910552272,0.014038877,0.090909091,0.807163407,0.273284366,0,0,0
Malawi,2011,0.004143245,0.908516585,0.002159827,0.090909091,0.7999497,0.293723244,0,0,0
Malawi,2012,0.003951532,0.913475557,0,0.246753247,0.779472711,0.300536203,0,0,0
Malawi,2013,0.005254067,0.91034715,0.017278618,0.246753247,0.7792998,0.268742394,0,0,0
Malawi,2014,0.00711313,0.913059976,0.048596112,0.25974026,0.760907653,0.232406612,0,0,0
Malawi,2015,0.008302498,0.91306829,0.036717063,0.272727273,0.765566537,0.243761544,0,0,0
Ghana,2010,0.008937572,0.688108587,0.613390929,0.233766234,0.507026211,0.484486097,0,0,0
Ghana,2011,0.00869002,0.675089286,0.611906695,0.298701299,0.474012079,0.545802729,0,0,0
Ghana,2012,0.007133976,0.671240852,0.66758176,0.363636364,0.451351027,0.561699633,0,0,0
Ghana,2013,0.012565238,0.639888121,0.683585313,0.454545455,0.420028685,0.647997115,0,0,0
Ghana,2014,0.006488106,0.647303865,0.765658747,0.480519481,0.422826699,0.636642183,2.517696473,0,2.517696473
Ghana,2015,0.003206567,0.508920024,0.737777957,0.792207792,0.419259,0.600306401,2.517696473,0,2.517696473
Namibia,2010,0.063593046,0.955555556,0.39981234,0,0.542390562,0.577596538,0,0,0
Namibia,2011,0.062498604,0.981818182,0.376889849,0.012987013,0.500602985,0.575325552,0,0,0
Namibia,2012,0.063950415,0.978088862,0.421847119,0.012987013,0.46224296,0.579867524,0,0,0
Namibia,2013,0.049867848,0.955672427,0.431965443,0.064935065,0.475589905,0.58895147,0,0,0
Namibia,2014,0.040676767,0.991321762,0.445767125,0.155844156,0.463966758,0.586680483,0,0,0
Namibia,2015,0.025721997,0.977864583,0.477321814,0.25974026,0.4633691,0.557157661,0,1.504077397,1.504077397
Samoa,2010,0.003456129,0.410499139,0.964297152,0.12987013,0.516799799,0.672977965,0,0,0
Samoa,2011,0.003737483,0.32293578,0.964023485,0.12987013,0.525155597,0.718397692,0,0,0
Samoa,2012,0.003763169,0.32798574,0.970649241,0.12987013,0.46715816,0.722939665,0,0,0
Samoa,2013,0.005238804,0.364738883,0.980604201,0.168831169,0.524591531,0.725210651,0,0,0
Samoa,2014,0.007230019,0.337952271,0.977321814,0.337662338,0.529313079,0.713855719,0,0,0
Samoa,2015,0.004234449,0.303504847,0.996523682,0.376623377,0.533605308,0.618474292,0.78845736,0,0.78845736
Solomon Islands,2010,0.000167059,0,0.286125916,0.12987013,0.98437414,0.336871984,0,0,0
Solomon Islands,2011,0.000343312,0,0.331587262,0.12987013,0.968882919,0.441337357,0,0,0
Solomon Islands,2012,0.000583516,0,0.376390428,0.12987013,0.967578097,0.484486097,0,0,0
Solomon Islands,2013,0.007224435,0,0.402807775,0.168831169,0.953027877,0.509466947,0,0,0
Solomon Islands,2014,0.012021368,0.023275587,0.461308638,0.337662338,0.942320255,0.502653988,0,0,0
Solomon Islands,2015,0.011943938,0.022626304,0.51511879,0.376623377,0.933115179,0.484486097,0,0,0
Nepal,2010,0.156698805,0.999064838,0.660907127,0.324675325,0.73581058,0.529905824,0,0,0
Nepal,2011,0.15238432,0.999427262,0.646436285,0.324675325,0.737041455,0.479944125,0,0,0
Nepal,2012,0.129069724,0.994650901,0.729416355,0.415584416,0.716384501,0.511737934,0,0,0
Nepal,2013,0.125682165,0.997156668,0.76507949,0.428571429,0.706554891,0.523092865,0,0,0
Nepal,2014,0.121550087,0.999736634,0.836933045,0.428571429,0.689648484,0.541260756,0,0,0
Nepal,2015,0.113464617,1,0.840651856,0.428571429,0.677432671,0.525363852,0,0,0
Zimbabwe,2010,0.034351338,0.680092325,0.349665879,0.194805195,0.703366197,0.139296171,0,0,0
Zimbabwe,2011,0.029536165,0.578559028,0.318574514,0.233766234,0.695087334,0.132483212,0,0,0
Zimbabwe,2012,0.025770018,0.6039335,0.39524838,0.480519481,0.704109437,0.200612803,0,0,0
Zimbabwe,2013,0.028150988,0.539393939,0.334112583,0.480519481,0.692401043,0.186986885,0,0,0
Zimbabwe,2014,0.027279157,0.556054259,0.268898488,0.506493506,0.692307771,0.200612803,0,0,0
Zimbabwe,2015,0.021120128,0.527242764,0.284017279,0.532467532,0.69930035,0.17108998,0,0,0
Algeria,2010,1.62E-14,0.003804609,0.987879314,0.12987013,0.118530774,0.236948585,0,2.995732274,2.995732274
Algeria,2011,5.84E-30,0.009800094,0.989738547,0.233766234,0.12986155,0.22105168,0,2.995732274,2.995732274
Algeria,2012,1.35E-05,0.010836803,0.9866594,0.272727273,0.128183019,0.225593653,0,3.401197382,3.401197382
Algeria,2013,1.14E-08,0.005510102,0.995017083,0.285714286,0.130237335,0.252845489,0,3.401197382,3.401197382
Algeria,2014,2.90E-07,0.0039538,0.998280997,0.363636364,0.121511682,0.266471407,0,3.401197382,3.401197382
Algeria,2015,1.34E-07,0.003226838,0.999258812,0.493506494,0.120650258,0.232406612,0,3.80666249,3.80666249
Myanmar,2010,0.015950564,0.676786425,0.447084233,0.038961039,0.729226123,0.123399267,0,0,0
Myanmar,2011,0.016117336,0.761856506,0.501186025,0.038961039,0.714220871,0.123399267,0,0,0
Myanmar,2012,0.019062651,0.723630265,0.513969751,0.077922078,0.714451937,0.123399267,0,0,0
Myanmar,2013,0.021897405,0.720421328,0.527233981,0.077922078,0.733558699,0.123399267,0,0,0
Myanmar,2014,0.021799129,0.623649078,0.481641469,0.12987013,0.782079389,0.139296171,0,5.135798437,5.135798437
Myanmar,2015,0.028910025,0.588541014,0.573434125,0.207792208,0.781511731,0.116586308,0,5.135798437,5.135798437
Suriname,2010,0.000140182,0.701856149,0.904940776,0.12987013,0.194025763,0.22105168,0,0,0
Suriname,2011,0.00052228,0.606355715,0.93718792,0.12987013,0.164685169,0.227864639,0,0,0
Suriname,2012,0.00039117,0.632352941,0.936932426,0.12987013,0.170315209,0.232406612,0,0,0
Suriname,2013,0.000842758,0.599358974,0.937157435,0.168831169,0.140897585,0.232406612,0,0,0
Suriname,2014,0.000542568,0.623394495,0.93776688,0.337662338,0.142998239,0.275555353,0,0,0
Suriname,2015,0.000316487,0.600531444,0.947032311,0.376623377,0.139036272,0.291452257,0,1.609437912,1.609437912
Maldives,2010,0.000325876,0.003156541,0.990381525,0.038961039,0.798613853,0.461776234,0,0,0
Maldives,2011,0.000725496,0.003350084,0.994089114,0.038961039,0.789964017,0.559428647,0,0,0
Maldives,2012,0.001512005,0.006020067,0.996009316,0.038961039,0.76642322,0.618474292,0,0,0
Maldives,2013,0.002057477,0.003290913,0.995332557,0.194805195,0.760609228,0.575325552,0,0,0
Maldives,2014,0.000767561,0.006080691,1,0.194805195,0.747342025,0.534447797,0,0,0
Maldives,2015,0.000430369,0.012772045,0.998225218,0.285714286,0.735781254,0.457234261,0,1.568615918,1.568615918
Benin,2010,0.000167059,0.008695652,0.289416847,0.181818182,0.918765991,0.066624608,0,0,0
Benin,2011,0.000343312,0,0.318574514,0.181818182,0.901391394,0.100689403,0,0,0
Benin,2012,0.000583516,0,0.334773218,0.220779221,0.885944033,0.157464062,0,0,0
Benin,2013,0.007224435,0,0.304844792,0.220779221,0.874774096,0.19607083,0,0,0
Benin,2014,0.012021368,0,0.288336933,0.311688312,0.894558513,0.216509707,0,1.791759469,1.791759469
Benin,2015,0.011943938,0.055555556,0.327218157,0.415584416,0.875057646,0.314162121,0,1.791759469,1.791759469
Egypt,2016,0.356169857,0.082592855,1,0.654761905,0.226101882,0.566068515,6.904349486,4.787491743,7.018043633
Egypt,2017,0.353841178,0.082592855,1,0.833333333,0.229290367,0.579119086,6.904349486,4.787491743,7.018043633
Egypt,2018,0.353841178,0.082592855,1,0.845238095,0.228485622,0.584013051,7.559924203,7.146086905,8.067409357
Egypt,2019,0.353841178,0.082592855,1,0.892857143,0.228485622,0.628058728,7.699434716,7.269985762,8.200735716
South Africa,2016,0.6226932,0.022550418,0.825799338,0.607142857,0.125408102,0.753670473,6.214007918,7.973313932,8.132165803
South Africa,2017,0.555648567,0.022550418,0.82800441,0.69047619,0.135905082,0.740619902,6.214007918,8.007187232,8.1611352
South Africa,2018,0.555648567,0.022550418,0.903306215,0.761904762,0.141442727,0.738988581,6.214007918,8.007187232,8.1611352
South Africa,2019,0.555648567,0.022550418,0.903306215,0.952380952,0.141442727,0.76182708,6.443654195,8.421025844,8.550678256
Peru,2016,0.127198356,0.527305134,0.936052922,0.416666667,0.225103719,0.769983687,4.965637928,5.098340875,5.727336228
Peru,2017,0.111350405,0.527305134,0.942668137,0.452380952,0.224701919,0.774877651,4.965637928,5.181277804,5.772406389
Peru,2018,0.111350405,0.527305134,0.94707828,0.488095238,0.227028585,0.779771615,5.618224586,5.181277804,6.116576218
Peru,2019,0.111350405,0.527305134,0.94707828,0.488095238,0.227028585,0.787928222,5.618224586,5.181277804,6.116576218
Philippines,2016,0.328590997,0.254134663,0.915138758,0.666666667,0.339648518,0.623164763,5.252796851,6.596395079,6.82822494
Philippines,2017,0.378516799,0.254134663,0.922822492,0.678571429,0.335001992,0.641109299,5.252796851,6.61843186,6.845741568
Philippines,2018,0.378516799,0.254134663,0.943299131,0.678571429,0.332750484,0.641109299,5.252796851,6.61843186,6.845741568
Philippines,2019,0.378516799,0.254134663,0.943299131,0.678571429,0.332750484,0.66721044,5.252796851,6.61843186,6.845741568
Brazil,2016,0.53966744,0.739669081,0.996692393,0.797619048,0.114394614,0.580750408,5.621631992,7.588951328,7.719831505
Brazil,2017,0.489897645,0.739669081,1,0.845238095,0.113612451,0.574225122,5.621631992,7.59186676,7.722389737
Brazil,2018,0.489897645,0.739669081,1,0.928571429,0.1046133,0.580750408,6.13229114,7.774132816,7.951126139
Brazil,2019,0.489897645,0.739669081,1,0.94047619,0.1046133,0.629690049,6.203931304,7.848886905,8.025375762
Cuba,2016,0.002022944,0.039481467,0.998384368,0.333333333,0.21048372,0.577487765,1.335001067,0,1.568615918
Cuba,2017,0.000805487,0.039481467,0.999210059,0.333333333,0.212461428,0.577487765,1.335001067,0,1.568615918
Cuba,2018,0.000805487,0.039481467,1,0.333333333,0.215942854,0.575856444,1.335001067,0,1.568615918
Cuba,2019,0.000805487,0.039481467,1,0.333333333,0.215942854,0.575856444,1.335001067,0,1.568615918
Morocco,2016,0.158350139,0.143088903,0.99717275,0.80952381,0.059821677,0.77324633,6.144829204,6.43982949,6.996315456
Morocco,2017,0.141098132,0.143088903,1,0.821428571,0.05826278,0.802610114,6.217204724,6.494207595,7.058414155
Morocco,2018,0.141098132,0.143088903,1,0.821428571,0.058133767,0.802610114,6.312279126,6.567094282,7.140928366
Morocco,2019,0.141098132,0.143088903,1,0.821428571,0.058133767,0.843393148,7.333872327,6.814872152,7.800818325
Bangladesh,2016,0.065610137,0.012268899,0.734509372,0.464285714,0.584782378,0.340946166,1.791759469,0,1.791759469
Bangladesh,2017,0.059910201,0.012268899,0.8676957,0.5,0.573507748,0.342577488,1.791759469,1.098612289,2.197224577
Bangladesh,2018,0.059910201,0.012268899,0.836388349,0.5,0.573392876,0.352365416,1.791759469,1.098612289,2.197224577
Bangladesh,2019,0.059910201,0.012268899,0.836388349,0.5,0.573392876,0.367047308,1.791759469,3.663561646,3.80666249
Dominican Republic,2016,0.118891975,0.11632443,0.987872106,0.535714286,0.205075279,0.618270799,3.743604354,0.405465108,3.778491613
Dominican Republic,2017,0.112313078,0.11632443,1,0.583333333,0.20371404,0.615008157,3.743604354,0.405465108,3.778491613
Dominican Republic,2018,0.112313078,0.11632443,1,0.583333333,0.202867787,0.637846656,3.743604354,0.405465108,3.778491613
Dominican Republic,2019,0.112313078,0.11632443,1,0.654761905,0.202867787,0.641109299,4.798019465,4.930725911,5.55971963
Mexico,2016,0.627525589,0.153941338,0.994487321,0.833333333,0.124936832,0.841761827,6.249154442,7.696410347,7.907655274
Mexico,2017,0.617328108,0.153941338,1,0.833333333,0.122374889,0.854812398,6.545816505,7.816096497,8.063544685
Mexico,2018,0.617328108,0.153941338,1,0.892857143,0.122047319,0.856443719,7.556597845,8.261310774,8.662935477
Mexico,2019,0.617328108,0.153941338,1,0.952380952,0.122047319,0.853181077,7.704422032,8.561354564,8.915148841
Costa Rica,2016,0.118557133,0.990011099,0.994487321,0.547619048,0.053208997,0.778140294,4.316821225,4.692723083,5.215479088
Costa Rica,2017,0.102986949,0.990011099,0.995589857,0.55952381,0.05152633,0.778140294,4.744497251,5.136680401,5.652839996
Costa Rica,2018,0.102986949,0.990011099,1,0.55952381,0.04918314,0.804241436,4.744497251,5.16564275,5.670225691
Costa Rica,2019,0.102986949,0.990011099,1,0.773809524,0.04918314,0.796084829,4.744497251,5.16564275,5.670225691
Vietnam,2016,0.457554888,0.367320577,0.991179713,0.583333333,0.36312564,0.694942904,3.17805383,3.62700405,4.120661871
Vietnam,2017,0.496366196,0.367320577,1,0.654761905,0.359550886,0.738988581,3.17805383,4.924350925,5.085124146
Vietnam,2018,0.496366196,0.367320577,1,0.654761905,0.357141538,0.766721044,3.80666249,5.886048474,6.003837683
Vietnam,2019,0.496366196,0.367320577,1,0.654761905,0.357141538,0.792822186,5.270432163,7.718681051,7.801591791
Argentina,2016,0.217271032,0.281400691,0.999549302,0.44047619,0.101631456,0.598694943,3.591817741,2.705379973,3.936910721
Argentina,2017,0.195517674,0.281400691,1,0.464285714,0.1043659,0.60685155,4.907494535,4.55345575,5.439209105
Argentina,2018,0.195517674,0.281400691,1,0.511904762,0.109182006,0.608482871,6.558268722,5.409679834,6.833688844
Argentina,2019,0.195517674,0.281400691,1,0.69047619,0.109182006,0.623164763,6.989127871,6.42872705,7.4408276
Mongolia,2016,0.007151174,0.030836205,0.90145943,0.25,0.093830385,0.738988581,3.218875825,3.218875825,3.912023005
Mongolia,2017,0.00515848,0.030836205,0.932124128,0.25,0.088562401,0.752039152,3.912023005,4.248495242,4.787491743
Mongolia,2018,0.00515848,0.030836205,0.979051819,0.25,0.087712862,0.77324633,4.010962953,4.320151231,4.870606649
Mongolia,2019,0.00515848,0.030836205,0.979051819,0.238095238,0.087712862,0.778140294,4.581901559,4.899331225,5.446306244
Iran,2016,0.046642061,0.051048879,1,0.964285714,0.113865009,0.577487765,0,0,0
Iran,2017,0.044880332,0.051048879,1,1,0.112822478,0.582381729,0,3.17805383,3.17805383
Iran,2018,0.044880332,0.051048879,1,1,0.112350276,0.582381729,0,4.507557357,4.507557357
Iran,2019,0.044880332,0.051048879,1,1,0.112350276,0.629690049,0,4.872904621,4.872904621
Pakistan,2016,0.332833606,0.314303497,0.684824665,0.380952381,0.52381142,0.495921697,6.937993462,6.836903538,7.581872534
Pakistan,2017,0.300547924,0.314303497,0.677949283,0.392857143,0.528940796,0.530179445,6.985364258,6.849702348,7.612979241
Pakistan,2018,0.300547924,0.314303497,0.681273944,0.392857143,0.531763403,0.538336052,7.153521008,7.041061646,7.792018564
Pakistan,2019,0.300547924,0.314303497,0.681273944,0.476190476,0.531763403,0.579119086,7.153521008,7.041061646,7.792018564
Jordan,2016,0.142677219,0.00967708,0.999219817,0.607142857,0.050698169,0.598694943,5.301138384,5.210387386,5.94993918
Jordan,2017,0.112202732,0.00967708,1,0.821428571,0.040194446,0.603588907,6.163872543,6.06602688,6.809293137
Jordan,2018,0.112202732,0.00967708,0.998897464,0.821428571,0.039428558,0.650897227,6.56767755,6.510280662,7.23253803
Jordan,2019,0.112202732,0.00967708,0.998897464,0.869047619,0.039428558,0.673735726,6.637932771,6.79818034,7.414410218
Honduras,2016,0.079757239,0.422755159,0.90738699,0.369047619,0.328062164,0.588907015,5.691102421,5.036303041,6.109514214
Honduras,2017,0.073033751,0.422755159,0.851157663,0.369047619,0.328038572,0.582381729,5.776785074,5.195176608,6.22082871
Honduras,2018,0.073033751,0.422755159,0.91055355,0.369047619,0.322115519,0.585644372,5.776785074,5.195176608,6.22082871
Honduras,2019,0.073033751,0.422755159,0.91055355,0.5,0.322115519,0.587275693,5.776785074,5.195176608,6.22082871
Tunisia,2016,0.363768502,0.028359423,1,0.630952381,0.054754658,0.727569331,0,0,0
Tunisia,2017,0.352064229,0.028359423,1,0.80952381,0.058798669,0.742251223,0,0,0
Tunisia,2018,0.352064229,0.028359423,0.997794928,0.833333333,0.06363724,0.738988581,0,0,0
Tunisia,2019,0.352064229,0.028359423,0.997794928,0.916666667,0.06363724,0.769983687,0,0,0
Ethiopia,2016,0.027861192,0.999616748,0.37045204,0.333333333,0.620564114,0.388254486,5.576327819,4.096009842,5.781360609
Ethiopia,2017,0.021159393,0.999616748,0.385887541,0.44047619,0.617044728,0.39314845,5.576327819,4.096009842,5.781360609
Ethiopia,2018,0.021159393,0.999616748,0.393384317,0.464285714,0.615887607,0.425774878,5.950902935,4.096009842,6.096274911
Ethiopia,2019,0.021159393,0.999616748,0.393384317,0.488095238,0.615887607,0.442088091,6.182291497,4.096009842,6.299316826
Kenya,2016,0.071565009,0.875142472,0.618522602,0.547619048,0.519853956,0.619902121,5.385412073,5.366723399,6.069258575
Kenya,2017,0.091354971,0.875142472,0.598556653,0.571428571,0.530776885,0.698205546,5.50411128,5.48753178,6.18900307
Kenya,2018,0.091354971,0.875142472,0.724366042,0.619047619,0.530335885,0.740619902,5.654942309,5.64070067,6.340994023
Kenya,2019,0.091354971,0.875142472,0.724366042,0.678571429,0.530335885,0.831973899,6.090630919,6.213727711,6.847219403
Thailand,2016,1,0.085384788,1,0.547619048,0.182454445,0.846655791,6.596654449,5.799092654,6.968511657
Thailand,2017,0.871960732,0.085384788,0.998897464,0.619047619,0.180470923,0.861337684,6.610211405,5.823045895,6.985308737
Thailand,2018,0.871960732,0.085384788,1,0.619047619,0.180283848,0.954323002,6.610211405,5.993961427,7.041971437
Thailand,2019,0.871960732,0.085384788,1,0.619047619,0.180283848,0.970636215,6.610211405,6.011267174,7.048073588
Tanzania,2016,0.021207336,0.341540906,0.259095921,0.297619048,0.545692363,0.484502447,4.350277936,4.350277936,5.043425117
Tanzania,2017,0.020731707,0.341540906,0.25835581,0.333333333,0.543424231,0.553017945,4.350277936,4.350277936,5.043425117
Tanzania,2018,0.020731707,0.341540906,0.289514653,0.357142857,0.538492994,0.554649266,4.350277936,4.677490848,5.220355825
Tanzania,2019,0.020731707,0.341540906,0.289514653,0.69047619,0.538492994,0.55954323,4.350277936,4.731802837,5.252273428
Nigeria,2016,0.001162817,0.181951251,0.551267916,0.416666667,0.42193112,0.463295269,0,0,0
Nigeria,2017,0.000543472,0.181951251,0.49724366,0.666666667,0.428970814,0.464926591,0.97455964,0,0.97455964
Nigeria,2018,0.000543472,0.181951251,0.520396913,0.702380952,0.418975481,0.522022838,0.97455964,0,0.97455964
Nigeria,2019,0.000543472,0.181951251,0.520396913,0.702380952,0.418975481,0.544861338,2.537657215,0,2.537657215
Bolivia,2016,0.013329021,0.31402439,0.909592062,0.535714286,0.345349744,0.486133768,0,0,0
Bolivia,2017,0.009788821,0.31402439,0.909592062,0.535714286,0.34310731,0.492659054,3.912023005,0,3.912023005
Bolivia,2018,0.009788821,0.31402439,0.951327071,0.535714286,0.340880959,0.505709625,4.553876892,0,4.553876892
Bolivia,2019,0.009788821,0.31402439,0.951327071,0.535714286,0.340880959,0.515497553,5.313205979,0,5.313205979
Senegal,2016,0.042490773,0.104171934,0.608599779,0.30952381,0.532271783,0.482871126,0,0,0
Senegal,2017,0.039165176,0.104171934,0.577728776,0.357142857,0.535152462,0.494290375,4.054390247,4.377642036,4.922168313
Senegal,2018,0.039165176,0.104171934,0.635716094,0.357142857,0.530774363,0.554649266,4.28565339,4.377642036,5.02585226
Senegal,2019,0.039165176,0.104171934,0.635716094,0.404761905,0.530774363,0.561174551,5.10291057,5.187385806,5.839187112
Libya,2016,3.35E-08,0,0.690423564,0.273809524,0.1814468,0.205546493,0,0,0
Libya,2017,2.26E-28,0,0.673937426,0.273809524,0.180240583,0.203915171,0,3.295836866,3.295836866
Libya,2018,2.26E-28,0,0.636163175,0.273809524,0.176704085,0.203915171,0,3.295836866,3.295836866
Libya,2019,2.26E-28,0,0.636163175,0.285714286,0.176704085,0.207177814,0,3.295836866,3.295836866
Sri Lanka,2016,0.185301168,0.484751935,0.972436604,0.55952381,0.352185648,0.639477977,3.044522438,3.091042453,3.761200116
Sri Lanka,2017,0.179247365,0.484751935,0.972436604,0.583333333,0.351087359,0.649265905,3.044522438,3.091042453,3.761200116
Sri Lanka,2018,0.179247365,0.484751935,0.995406886,0.583333333,0.349782734,0.652528548,4.795790546,3.091042453,4.96284463
Sri Lanka,2019,0.179247365,0.484751935,0.995406886,0.583333333,0.349782734,0.681892333,4.795790546,3.091042453,4.96284463
Malaysia,2016,0.854838096,0.099571685,1,0.583333333,0,0.955954323,0,4.712229258,4.712229258
Malaysia,2017,0.885202237,0.099571685,1,0.583333333,0.000175466,0.951060359,0,4.712229258,4.712229258
Malaysia,2018,0.885202237,0.099571685,1,0.595238095,0.002180015,0.959216966,0,5.946205641,5.946205641
Malaysia,2019,0.885202237,0.099571685,1,0.595238095,0.002180015,1,0,6.019322875,6.019322875
Tonga,2016,0.019522088,0.059074091,0.967144432,0.333333333,0.649294472,0.673735726,0,0.262364264,0.262364264
Tonga,2017,0.01687569,0.059074091,0.977771965,0.333333333,0.64658035,0.670473083,0,1.193922468,1.193922468
Tonga,2018,0.01687569,0.059074091,0.987790529,0.333333333,0.645336005,0.67862969,0,1.193922468,1.193922468
Tonga,2019,0.01687569,0.059074091,0.987790529,0.333333333,0.645336005,0.680261011,0,1.193922468,1.193922468
El Salvador,2016,0.192671512,0.578226749,0.955898567,0.583333333,0.246387067,0.691680261,2.70404218,0,2.752386015
El Salvador,2017,0.173380008,0.578226749,0.964718853,0.595238095,0.240531202,0.696574225,4.319219946,4.109725664,4.913095965
El Salvador,2018,0.173380008,0.578226749,1,0.678571429,0.239770105,0.729200653,5.323643924,4.109725664,5.583721847
El Salvador,2019,0.173380008,0.578226749,1,0.69047619,0.239770105,0.732463295,5.481180443,4.563618759,5.817289715
Afghanistan,2016,0.005051558,0.860501113,0.974641676,0.273809524,0.711712744,0.314114029,0.048790164,0,0.048790164
Afghanistan,2017,0.004158137,0.860501113,0.974641676,0.345238095,0.718151179,0.308900979,0.048790164,0,0.048790164
Afghanistan,2018,0.004158137,0.860501113,0.985812607,0.345238095,0.724572158,0.279455465,3.260017768,1.609437912,3.435598808
Afghanistan,2019,0.004158137,0.860501113,0.985812607,0.345238095,0.724572158,0.394835726,3.260017768,1.609437912,3.435598808
Mauritania,2016,2.26E-11,0.133732535,0.354740425,0.214285714,0.578165896,0.388254486,4.094344562,3.091042453,4.406719247
Mauritania,2017,7.42E-41,0.133732535,0.37045204,0.273809524,0.561385536,0.438825449,4.094344562,3.091042453,4.406719247
Mauritania,2018,7.42E-41,0.133732535,0.388389335,0.44047619,0.553091536,0.463295269,5.075173815,3.091042453,5.204006687
Mauritania,2019,7.42E-41,0.133732535,0.388389335,0.44047619,0.553091536,0.479608483,5.075173815,3.091042453,5.204006687
Guatemala,2016,0.174548153,0.603906674,0.910861586,0.523809524,0.268466555,0.680261011,3.966511191,1.824549292,4.077537444
Guatemala,2017,0.108968456,0.603906674,0.926130099,0.583333333,0.265793269,0.685154976,3.966511191,1.824549292,4.077537444
Guatemala,2018,0.108968456,0.603906674,0.941515602,0.583333333,0.264837414,0.676998369,3.966511191,3.629660094,4.505349851
Guatemala,2019,0.108968456,0.603906674,0.941515602,0.583333333,0.264837414,0.693311582,3.966511191,3.629660094,4.505349851
Mali,2016,0.000185537,0.435163551,0.352125443,0.464285714,0.750081041,0.494290375,0,0.587786665,0.587786665
Mali,2017,0.000178502,0.435163551,0.372657111,0.464285714,0.750229815,0.531810767,0,0.587786665,0.587786665
Mali,2018,0.000178502,0.435163551,0.458654906,0.464285714,0.749710381,0.536704731,2.803360381,2.90690106,3.549617387
Mali,2019,0.000178502,0.435163551,0.458654906,0.464285714,0.749710381,0.539967374,3.725693427,3.768152635,4.440295543
Mozambique,2016,0.005871542,0.864108874,0.203072498,0.095238095,0.481841642,0.535073409,0,0,0
Mozambique,2017,0.005225448,0.864108874,0.220136476,0.130952381,0.477325427,0.52365416,0,0,0
Mozambique,2018,0.005225448,0.864108874,0.240352811,0.214285714,0.47838373,0.535073409,2.995732274,2.995732274,3.688879454
Mozambique,2019,0.005225448,0.864108874,0.240352811,0.214285714,0.47838373,0.564437194,2.995732274,2.995732274,3.688879454
Burkina Faso,2016,0.003075149,0.093540387,0.083358256,0.154761905,0.609705165,0.500815661,3.496507561,0,3.496507561
Burkina Faso,2017,0.002588372,0.093540387,0.090479395,0.25,0.609866736,0.504078303,3.496507561,0,3.496507561
Burkina Faso,2018,0.002588372,0.093540387,0.056229327,0.285714286,0.612801575,0.508972268,3.496507561,2.708050201,3.871201011
Burkina Faso,2019,0.002588372,0.093540387,0.056229327,0.333333333,0.612801575,0.510603589,3.970291914,2.708050201,4.219507705
Uganda,2016,0.039713101,0.92950527,0.191841235,0.619047619,0.687276871,0.597063622,0,0,0
Uganda,2017,0.054826681,0.92950527,0.248328267,0.619047619,0.696588411,0.608482871,2.302585093,2.360854001,3.025291076
Uganda,2018,0.054826681,0.92950527,0.3676957,0.619047619,0.698973762,0.618270799,2.302585093,3.025291076,3.421000009
Uganda,2019,0.054826681,0.92950527,0.3676957,0.619047619,0.698973762,0.626427406,2.302585093,3.025291076,3.421000009
Jamaica,2016,0.021869792,0.102620087,0.966894568,0.488095238,0.19679745,0.753670473,3.835141961,2.302585093,4.030694535
Jamaica,2017,0.021292949,0.102620087,0.977558561,0.511904762,0.189540768,0.771615008,3.835141961,2.302585093,4.030694535
Jamaica,2018,0.021292949,0.102620087,0.98823904,0.571428571,0.187909622,0.778140294,3.835141961,2.302585093,4.030694535
Jamaica,2019,0.021292949,0.102620087,0.98823904,0.630952381,0.187909622,0.787928222,4.577798989,2.302585093,4.67562865
Indonesia,2016,0.640538792,0.106511556,0.973759647,0.44047619,0.274463243,0.686786297,0,0,0
Indonesia,2017,0.617290057,0.106511556,0.979492834,0.5,0.269952184,0.729200653,3.673131097,3.746558566,4.40366581
Indonesia,2018,0.617290057,0.106511556,0.983572216,0.583333333,0.264500825,0.765089723,3.673131097,4.739482524,5.035327907
Indonesia,2019,0.617290057,0.106511556,0.983572216,0.583333333,0.264500825,0.7862969,4.260917762,5.003778507,5.392945496
Sierra Leone,2016,0.02940261,0.609756098,0.121278942,0.297619048,0.605314505,0.438825449,1.098612289,1.098612289,1.791759469
Sierra Leone,2017,0.0286534,0.609756098,0.155457552,0.357142857,0.608776459,0.443719413,1.098612289,1.098612289,1.791759469
Sierra Leone,2018,0.0286534,0.609756098,0.18522602,0.357142857,0.611079575,0.442088091,1.098612289,1.098612289,1.791759469
Sierra Leone,2019,0.0286534,0.609756098,0.18522602,0.333333333,0.611079575,0.443719413,2.740840024,2.740840024,3.433987204
Malawi,2016,0.004391766,0.91306829,0.018743109,0.30952381,0.598670358,0.484502447,0,0,0
Malawi,2017,0.004209505,0.91306829,0.037486218,0.571428571,0.593483423,0.541598695,0,0,0
Malawi,2018,0.004209505,0.91306829,0.096141125,0.702380952,0.598380719,0.644371941,0,0,0
Malawi,2019,0.004209505,0.91306829,0.096141125,0.726190476,0.598380719,0.659053834,4.071246511,4.056988776,4.757290234
Ghana,2016,0.005485332,0.508920024,0.771775083,0.714285714,0.305080082,0.603588907,2.517696473,2.995732274,3.478158423
Ghana,2017,0.003544005,0.508920024,0.768467475,0.714285714,0.31015396,0.619902121,2.517696473,2.995732274,3.478158423
Ghana,2018,0.003544005,0.508920024,0.805893903,0.714285714,0.3127973,0.626427406,3.109060959,3.401197382,3.958906591
Ghana,2019,0.003544005,0.508920024,0.805893903,0.880952381,0.3127973,0.659053834,3.109060959,3.401197382,3.958906591
Namibia,2016,0.028939538,0.977864583,0.445424476,0.297619048,0.346668883,0.652528548,0,1.504077397,1.504077397
Namibia,2017,0.02024238,0.977864583,0.47629548,0.357142857,0.346314823,0.654159869,0,3.966132331,3.966132331
Namibia,2018,0.02024238,0.977864583,0.49144294,0.357142857,0.343104762,0.670473083,0,4.34094419,4.34094419
Namibia,2019,0.02024238,0.977864583,0.49144294,0.333333333,0.343104762,0.675367047,3.124565145,4.663722073,4.858105522
Samoa,2016,1.32E-05,0.303504847,0.999422118,0.333333333,0.403719032,0.655791191,0.78845736,0.693147181,1.435084525
Samoa,2017,2.77E-40,0.303504847,0.964718853,0.333333333,0.408226543,0.652528548,0.78845736,0.693147181,1.435084525
Samoa,2018,2.77E-40,0.303504847,1,0.333333333,0.409991263,0.686786297,1.435084525,1.386294361,2.104134154
Samoa,2019,2.77E-40,0.303504847,1,0.333333333,0.409991263,0.686786297,1.435084525,1.386294361,2.104134154
Cook Islands,2016,0.076971957,0.303504847,0.999422118,0.333333333,0.403719032,0.655791191,0,0,0
Cook Islands,2017,0.071424223,0.303504847,0.964718853,0.333333333,0.408226543,0.652528548,0,0,0
Cook Islands,2018,0.071424223,0.303504847,1,0.333333333,0.409991263,0.686786297,2.890371758,0,2.890371758
Cook Islands,2019,0.071424223,0.303504847,1,0.333333333,0.409991263,0.686786297,2.890371758,0,2.890371758
Zambia,2016,0.013853735,0.96993824,0.286740228,0.535714286,0.524808658,0.660685155,0,0,0
Zambia,2017,0.018575777,0.96993824,0.341786108,0.738095238,0.516762402,0.657422512,0,0,0
Zambia,2018,0.018575777,0.96993824,0.336412592,0.738095238,0.51511228,0.721044046,3.314186005,3.314186005,4.007333185
Zambia,2019,0.018575777,0.96993824,0.336412592,0.761904762,0.51511228,0.745513866,3.795489189,3.795489189,4.48863637
Burundi,2016,0.00024649,0.827093851,0.003721056,0.142857143,0.623956734,0.417618271,0,0,0
Burundi,2017,5.79E-05,0.827093851,0,0.142857143,0.628673951,0.419249592,0,0,0
Burundi,2018,5.79E-05,0.827093851,0.019010495,0.142857143,0.625279964,0.422512235,2.014903021,0,2.014903021
Burundi,2019,5.79E-05,0.827093851,0.019010495,0.142857143,0.625279964,0.432300163,2.014903021,0,2.014903021
Guiana,2016,0.004076709,0,0.886633254,0.488095238,0.328308031,0.593800979,0,0,0
Guiana,2017,0.00203611,0,0.899270795,0.511904762,0.327325695,0.600326264,0,0,0
Guiana,2018,0.00203611,0,0.910138098,0.571428571,0.31490083,0.580750408,0,0,0
Guiana,2019,0.00203611,0,0.910138098,0.630952381,0.31490083,0.579119086,0,0,0
Cambodia,2016,0.095255127,0.464180123,0.742034189,0.333333333,0.434772406,0.536704731,0,0,0
Cambodia,2017,0.060636962,0.464180123,0.879492834,0.369047619,0.423658672,0.541598695,0,0,0
Cambodia,2018,0.060636962,0.464180123,0.906843158,0.369047619,0.426584821,0.544861338,1.609437912,1.609437912,2.302585093
Cambodia,2019,0.060636962,0.464180123,0.906843158,0.392857143,0.426584821,0.551386623,1.609437912,2.694627181,2.985681938
Niger,2016,0.000259518,0.007532957,0.090349435,0.464285714,0.951492771,0.42903752,0,0,0
Niger,2017,8.83E-26,0.007532957,0.097915426,0.535714286,0.95410802,0.477977162,0,0,0
Niger,2018,8.83E-26,0.007532957,0.091510474,0.535714286,0.956909993,0.508972268,0.741937345,0,0.741937345
Niger,2019,8.83E-26,0.007532957,0.091510474,0.55952381,0.956909993,0.526916803,0.741937345,0,0.741937345
Marshall Islands,2016,1.32E-05,0.002333722,0.927443112,0.333333333,0.403719032,0.499184339,0,0,0
Marshall Islands,2017,2.77E-40,0.002333722,0.941003331,0.333333333,0.408226543,0.504078303,0,0,0
Marshall Islands,2018,2.77E-40,0.002333722,0.959817821,0.333333333,0.409991263,0.504078303,0.832909123,0.832909123,1.526056303
Marshall Islands,2019,2.77E-40,0.002333722,0.959817821,0.333333333,0.409991263,0.504078303,0.832909123,0.832909123,1.526056303
Cote d'Ivoire,2016,0.00470492,0.167259786,0.606394708,0.666666667,0.448332618,0.494290375,0,0,0
Cote d'Ivoire,2017,0.008861535,0.167259786,0.620727674,0.678571429,0.44011226,0.505709625,0,0,0
Cote d'Ivoire,2018,0.008861535,0.167259786,0.636065936,0.702380952,0.434850213,0.538336052,2.525728644,2.525728644,3.218875825
Cote d'Ivoire,2019,0.008861535,0.167259786,0.636065936,0.702380952,0.434850213,0.624796085,3.912023005,2.525728644,4.135166557
Eritrea,2016,1.49E-270,0.004926108,0.415962152,0.119047619,0.702998684,0.014681892,0,0,0
Eritrea,2017,1.77E-154,0.004926108,0.430219572,0.119047619,0.703621577,0.014681892,0,0,0
Eritrea,2018,1.77E-154,0.004926108,0.444493312,0.119047619,0.705967796,0.022838499,0.810930216,0,0.810930216
Eritrea,2019,1.77E-154,0.004926108,0.444493312,0.142857143,0.705967796,0.024469821,0.810930216,0,0.810930216
Madagascar,2016,0.061139226,0.545964566,0.149944873,0.166666667,0.618924076,0.35725938,0,0,0
Madagascar,2017,0.049229481,0.545964566,0.163175303,0.226190476,0.623182648,0.370309951,0,0,0
Madagascar,2018,0.049229481,0.545964566,0.18310708,0.285714286,0.617959997,0.430668842,2.302585093,2.995732274,3.401197382
Madagascar,2019,0.049229481,0.545964566,0.18310708,0.285714286,0.617959997,0.44045677,2.302585093,2.995732274,3.401197382
Colombia,2016,0.170602336,0.682368112,0.982359427,0.511904762,0.148478428,0.79771615,0,0,0
Colombia,2017,0.152543663,0.682368112,0.983461963,0.630952381,0.14300466,0.802610114,0,0,0
Colombia,2018,0.152543663,0.682368112,0.999299307,0.666666667,0.139877515,0.799347471,0,0,0
Colombia,2019,0.152543663,0.682368112,0.999299307,0.904761905,0.139877515,0.802610114,5.117993812,0,5.117993812
Nepal,2016,0.111814619,1,0.897464168,0.452380952,0.502487254,0.647634584,0,0,0
Nepal,2017,0.101811194,1,0.916352732,0.476190476,0.493390178,0.619902121,0,0,0
Nepal,2018,0.101811194,1,0.932965821,0.476190476,0.492455307,0.652528548,0,0,0
Nepal,2019,0.101811194,1,0.932965821,0.476190476,0.492455307,0.647634584,3.218875825,0,3.258096538
Gambia,2016,0.000283022,0,0.515424852,0.119047619,0.565240329,0.427406199,0,0,0
Gambia,2017,1.36E-06,0,0.517089305,0.119047619,0.540021592,0.453507341,0,0,0
Gambia,2018,1.36E-06,0,0.562293275,0.119047619,0.537008371,0.453507341,0,0,0
Gambia,2019,1.36E-06,0,0.562293275,0.142857143,0.537008371,0.453507341,0,0,0
Zimbabwe,2016,0.018733686,0.527242764,0.337640487,0.476190476,0.540744871,0.453507341,0,4.605170186,4.605170186
Zimbabwe,2017,0.013412732,0.527242764,0.343793253,0.571428571,0.536994444,0.453507341,0,4.605170186,4.605170186
Zimbabwe,2018,0.013412732,0.527242764,0.349962337,0.583333333,0.536508397,0.466557912,0,4.605170186,4.605170186
Zimbabwe,2019,0.013412732,0.527242764,0.349962337,0.630952381,0.536508397,0.497553018,0,4.605170186,4.605170186
Togo,2016,0.044210646,0.75308642,0.420231921,0.333333333,0.460445522,0.438825449,0,0,0
Togo,2017,0.035513489,0.75308642,0.426681367,0.369047619,0.463968872,0.458401305,0,0,0
Togo,2018,0.035513489,0.75308642,0.463564317,0.380952381,0.46340209,0.469820555,0,0,0
Togo,2019,0.035513489,0.75308642,0.463564317,0.369047619,0.46340209,0.575856444,0,0,0
Maldives,2016,3.14E-06,0.011132409,0.999616764,0.285714286,0.574615065,0.528548124,0,1.568615918,1.568615918
Maldives,2017,6.01E-41,0.012662128,0.997794928,0.30952381,0.57016858,0.528548124,0,1.568615918,1.568615918
Maldives,2018,6.01E-41,0.014191848,1,0.30952381,0.562192112,0.541598695,0,2.014903021,2.014903021
Maldives,2019,6.01E-41,0.015721567,1,0.30952381,0.562192112,0.543230016,0,2.014903021,2.014903021
Chad,2016,0,0,0.012301444,0.05952381,0.827032029,0.24959217,0,0,0
Chad,2017,5.10E-165,0,0.017640573,0.05952381,0.822317964,0.261011419,0,0.09531018,0.09531018
Chad,2018,5.10E-165,0,0.027115276,0.357142857,0.817507977,0.252854812,0,0.09531018,0.09531018
Chad,2019,5.10E-165,0,0.027115276,0.892857143,0.823359168,0.272430669,0,0.09531018,0.09531018
Cameroon,2016,0.006544652,0.765662701,0.559273262,0.44047619,0.345767061,0.35725938,0,0,0
Cameroon,2017,0.008427381,0.76982811,0.573785389,0.452380952,0.341093518,0.355628059,0,0,0
Cameroon,2018,0.008427381,0.77399352,0.588313918,0.452380952,0.336468217,0.409461664,0,0,0
Cameroon,2019,0.008427381,0.77815893,0.588313918,0.511904762,0.336468217,0.424143556,0,0,0
Somalia,2016,2.38E-10,0,0.245528271,0,1,0.003262643,0,0,0
Somalia,2017,3.92E-39,0,0.265840524,0.095238095,0.996288053,0.004893964,0,0,0
Somalia,2018,3.92E-39,0,0.286169075,0.095238095,0.992598944,0,0,0,0
Somalia,2019,3.92E-39,0,0.286169075,0.19047619,0.992598944,0,0,0,0